{
  "perfect": {
    "preset": "perfect",
    "elapsed": "10.7",
    "score": {
      "mean": 31503.513333333332,
      "median": 25948,
      "p10": 13784,
      "p90": 63552
    },
    "wave": {
      "mean": 6.266666666666667,
      "median": 6,
      "p10": 5,
      "p90": 9
    },
    "kills": 243.35,
    "shots": 241.61666666666667,
    "efficiency": 0.9538007576251682,
    "deathCauses": {
      "destroyed": 300
    },
    "waveDist": {
      "3": 1,
      "4": 25,
      "5": 67,
      "6": 108,
      "7": 49,
      "8": 18,
      "9": 18,
      "10": 10,
      "11": 3,
      "12": 1
    },
    "pickFreq": {
      "ironBeam": 194,
      "wildHornets": 370,
      "patriot": 524,
      "launcherKit": 292,
      "roadrunner": 112,
      "phalanx": 66,
      "flare": 22
    },
    "totalPicks": 1580
  },
  "good": {
    "preset": "good",
    "elapsed": "5.7",
    "score": {
      "mean": 10488.32,
      "median": 7968,
      "p10": 2900,
      "p90": 20812
    },
    "wave": {
      "mean": 4.086666666666667,
      "median": 4,
      "p10": 3,
      "p90": 6
    },
    "kills": 101.48333333333333,
    "shots": 156.26666666666668,
    "efficiency": 0.5991119310564037,
    "deathCauses": {
      "destroyed": 300
    },
    "waveDist": {
      "1": 2,
      "2": 5,
      "3": 103,
      "4": 94,
      "5": 64,
      "6": 23,
      "7": 6,
      "8": 1,
      "10": 1,
      "11": 1
    },
    "pickFreq": {
      "wildHornets": 287,
      "patriot": 8,
      "ironBeam": 240,
      "phalanx": 63,
      "roadrunner": 169,
      "launcherKit": 122,
      "flare": 37
    },
    "totalPicks": 926
  },
  "average": {
    "preset": "average",
    "elapsed": "6.5",
    "score": {
      "mean": 13304.533333333333,
      "median": 10142,
      "p10": 3820,
      "p90": 26904
    },
    "wave": {
      "mean": 4.383333333333334,
      "median": 4,
      "p10": 3,
      "p90": 6
    },
    "kills": 119.86,
    "shots": 167.63,
    "efficiency": 0.6509148741035798,
    "deathCauses": {
      "destroyed": 300
    },
    "waveDist": {
      "1": 1,
      "2": 8,
      "3": 73,
      "4": 94,
      "5": 73,
      "6": 32,
      "7": 12,
      "8": 3,
      "9": 2,
      "10": 2
    },
    "pickFreq": {
      "phalanx": 195,
      "launcherKit": 354,
      "wildHornets": 221,
      "ironBeam": 120,
      "flare": 76,
      "emp": 16,
      "roadrunner": 33
    },
    "totalPicks": 1015
  },
  "novice": {
    "preset": "novice",
    "elapsed": "8.8",
    "score": {
      "mean": 20696.86,
      "median": 16040,
      "p10": 5176,
      "p90": 43626
    },
    "wave": {
      "mean": 5.18,
      "median": 5,
      "p10": 3,
      "p90": 8
    },
    "kills": 172.77,
    "shots": 170.53333333333333,
    "efficiency": 0.902971993201354,
    "deathCauses": {
      "destroyed": 300
    },
    "waveDist": {
      "2": 3,
      "3": 39,
      "4": 85,
      "5": 61,
      "6": 58,
      "7": 24,
      "8": 13,
      "9": 11,
      "10": 2,
      "11": 1,
      "12": 3
    },
    "pickFreq": {
      "emp": 149,
      "flare": 157,
      "ironBeam": 160,
      "launcherKit": 157,
      "patriot": 181,
      "wildHornets": 147,
      "roadrunner": 131,
      "phalanx": 172
    },
    "totalPicks": 1254
  }
}
