{
  "perfect": {
    "preset": "perfect",
    "score": {
      "mean": 108322.6,
      "median": 106250,
      "p10": 75822,
      "p90": 153210
    },
    "wave": {
      "mean": 14.69,
      "median": 15,
      "p10": 14,
      "p90": 16
    },
    "kills": 1246.6133333333332,
    "shots": 818.92,
    "efficiency": 1.5125126138853935,
    "deathCauses": {
      "destroyed": 300
    },
    "waveDist": {
      "6": 1,
      "7": 1,
      "12": 2,
      "13": 13,
      "14": 114,
      "15": 109,
      "16": 50,
      "17": 10
    }
  },
  "good": {
    "preset": "good",
    "score": {
      "mean": 83855.73333333334,
      "median": 86390,
      "p10": 36548,
      "p90": 126164
    },
    "wave": {
      "mean": 13.74,
      "median": 14,
      "p10": 12,
      "p90": 15
    },
    "kills": 1087.43,
    "shots": 744.9866666666667,
    "efficiency": 1.4198225287387838,
    "deathCauses": {
      "destroyed": 300
    },
    "waveDist": {
      "5": 5,
      "6": 7,
      "7": 3,
      "8": 2,
      "9": 3,
      "10": 4,
      "11": 1,
      "12": 7,
      "13": 31,
      "14": 126,
      "15": 89,
      "16": 20,
      "17": 2
    }
  },
  "average": {
    "preset": "average",
    "score": {
      "mean": 69916.34666666666,
      "median": 75926,
      "p10": 3727,
      "p90": 124068
    },
    "wave": {
      "mean": 12.536666666666667,
      "median": 14,
      "p10": 6,
      "p90": 15
    },
    "kills": 937.4733333333334,
    "shots": 661.7,
    "efficiency": 1.304795302093613,
    "deathCauses": {
      "destroyed": 300
    },
    "waveDist": {
      "2": 1,
      "4": 3,
      "5": 10,
      "6": 23,
      "7": 18,
      "8": 8,
      "9": 3,
      "10": 2,
      "11": 1,
      "12": 4,
      "13": 26,
      "14": 117,
      "15": 58,
      "16": 25,
      "17": 1
    }
  },
  "novice": {
    "preset": "novice",
    "score": {
      "mean": 56487.03333333333,
      "median": 68034,
      "p10": 2101,
      "p90": 115410
    },
    "wave": {
      "mean": 11.273333333333333,
      "median": 14,
      "p10": 5,
      "p90": 15
    },
    "kills": 798.49,
    "shots": 582.4866666666667,
    "efficiency": 1.1894098734752414,
    "deathCauses": {
      "destroyed": 300
    },
    "waveDist": {
      "2": 10,
      "3": 6,
      "4": 8,
      "5": 13,
      "6": 27,
      "7": 19,
      "8": 13,
      "9": 7,
      "10": 6,
      "11": 4,
      "12": 3,
      "13": 21,
      "14": 88,
      "15": 60,
      "16": 15
    }
  }
}
